country,year,value
Afghanistan,2008,3.125
Afghanistan,2009,3.242
Afghanistan,2010,3.13
Afghanistan,2011,3.144
Afghanistan,2012,3.209
Afghanistan,2013,3.247
Afghanistan,2014,3.199
Afghanistan,2015,3.298
Afghanistan,2016,3.371
Afghanistan,2017,3.427
Afghanistan,2018,3.564
Afghanistan,2019,3.551
Afghanistan,2020,3.568
Afghanistan,2021,3.57
Afghanistan,2022,3.543
Afghanistan,2023,3.223
Afghanistan,2024,3.22
Afghanistan,2025,3.229
Albania,2008,1.795
Albania,2009,1.807
Albania,2010,1.799
Albania,2011,1.821
Albania,2012,1.86
Albania,2013,1.876
Albania,2014,1.875
Albania,2015,1.826
Albania,2016,1.79
Albania,2017,1.788
Albania,2018,1.771
Albania,2019,1.714
Albania,2020,1.786
Albania,2021,1.773
Albania,2022,1.764
Albania,2023,1.771
Albania,2024,1.781
Albania,2025,1.812
Algeria,2008,2.262
Algeria,2009,2.247
Algeria,2010,2.28
Algeria,2011,2.327
Algeria,2012,2.309
Algeria,2013,2.254
Algeria,2014,2.211
Algeria,2015,2.147
Algeria,2016,2.164
Algeria,2017,2.155
Algeria,2018,2.159
Algeria,2019,2.161
Algeria,2020,2.108
Algeria,2021,2.14
Algeria,2022,2.028
Algeria,2023,2.069
Algeria,2024,2.051
Algeria,2025,2.042
Angola,2008,2.069
Angola,2009,1.981
Angola,2010,2.059
Angola,2011,2.044
Angola,2012,1.988
Angola,2013,2.024
Angola,2014,2.025
Angola,2015,1.892
Angola,2016,1.954
Angola,2017,1.972
Angola,2018,1.958
Angola,2019,1.926
Angola,2020,1.958
Angola,2021,1.964
Angola,2022,1.936
Angola,2023,2.052
Angola,2024,1.926
Angola,2025,1.987
Argentina,2008,1.849
Argentina,2009,1.92
Argentina,2010,1.938
Argentina,2011,1.894
Argentina,2012,1.838
Argentina,2013,1.982
Argentina,2014,1.891
Argentina,2015,1.981
Argentina,2016,1.996
Argentina,2017,1.963
Argentina,2018,1.948
Argentina,2019,1.968
Argentina,2020,1.932
Argentina,2021,1.915
Argentina,2022,1.895
Argentina,2023,1.829
Argentina,2024,1.835
Argentina,2025,1.768
Armenia,2008,2.124
Armenia,2009,2.157
Armenia,2010,2.224
Armenia,2011,2.132
Armenia,2012,2.111
Armenia,2013,2.159
Armenia,2014,2.042
Armenia,2015,2.024
Armenia,2016,2.077
Armenia,2017,2.048
Armenia,2018,2.056
Armenia,2019,2.018
Armenia,2020,1.91
Armenia,2021,1.977
Armenia,2022,1.928
Armenia,2023,1.979
Armenia,2024,1.942
Armenia,2025,1.893
Australia,2008,1.43
Australia,2009,1.442
Australia,2010,1.426
Australia,2011,1.461
Australia,2012,1.489
Australia,2013,1.46
Australia,2014,1.396
Australia,2015,1.436
Australia,2016,1.467
Australia,2017,1.469
Australia,2018,1.484
Australia,2019,1.493
Australia,2020,1.48
Australia,2021,1.53
Australia,2022,1.579
Australia,2023,1.544
Australia,2024,1.492
Australia,2025,1.505
Austria,2008,1.336
Austria,2009,1.352
Austria,2010,1.369
Austria,2011,1.399
Austria,2012,1.371
Austria,2013,1.299
Austria,2014,1.291
Austria,2015,1.27
Austria,2016,1.256
Austria,2017,1.329
Austria,2018,1.279
Austria,2019,1.279
Austria,2020,1.282
Austria,2021,1.329
Austria,2022,1.301
Austria,2023,1.291
Austria,2024,1.297
Austria,2025,1.294
Azerbaijan,2008,2.207
Azerbaijan,2009,2.299
Azerbaijan,2010,2.246
Azerbaijan,2011,2.27
Azerbaijan,2012,2.301
Azerbaijan,2013,2.318
Azerbaijan,2014,2.296
Azerbaijan,2015,2.324
Azerbaijan,2016,2.324
Azerbaijan,2017,2.334
Azerbaijan,2018,2.285
Azerbaijan,2019,2.272
Azerbaijan,2020,2.039
Azerbaijan,2021,2.364
Azerbaijan,2022,2.153
Azerbaijan,2023,2.199
Azerbaijan,2024,2.19
Azerbaijan,2025,2.067
Bahrain,2008,1.897
Bahrain,2009,1.883
Bahrain,2010,1.861
Bahrain,2011,2.154
Bahrain,2012,2.172
Bahrain,2013,2.121
Bahrain,2014,2.129
Bahrain,2015,2.187
Bahrain,2016,2.211
Bahrain,2017,2.246
Bahrain,2018,2.264
Bahrain,2019,2.214
Bahrain,2020,2.125
Bahrain,2021,2.105
Bahrain,2022,2.143
Bahrain,2023,2.142
Bahrain,2024,2.068
Bahrain,2025,2.099
Bangladesh,2008,1.987
Bangladesh,2009,1.959
Bangladesh,2010,1.971
Bangladesh,2011,2.071
Bangladesh,2012,2.078
Bangladesh,2013,2.065
Bangladesh,2014,2.048
Bangladesh,2015,1.9
Bangladesh,2016,1.967
Bangladesh,2017,1.996
Bangladesh,2018,2.023
Bangladesh,2019,2.081
Bangladesh,2020,2.033
Bangladesh,2021,2.03
Bangladesh,2022,2.028
Bangladesh,2023,2.057
Bangladesh,2024,2.047
Bangladesh,2025,2.318
Belarus,2008,2.242
Belarus,2009,2.183
Belarus,2010,2.179
Belarus,2011,2.166
Belarus,2012,2.115
Belarus,2013,2.1
Belarus,2014,2.109
Belarus,2015,2.147
Belarus,2016,2.064
Belarus,2017,2.024
Belarus,2018,2.076
Belarus,2019,2.03
Belarus,2020,2.009
Belarus,2021,2.216
Belarus,2022,2.266
Belarus,2023,2.254
Belarus,2024,2.265
Belarus,2025,2.267
Belgium,2008,1.441
Belgium,2009,1.484
Belgium,2010,1.498
Belgium,2011,1.49
Belgium,2012,1.495
Belgium,2013,1.455
Belgium,2014,1.433
Belgium,2015,1.46
Belgium,2016,1.449
Belgium,2017,1.607
Belgium,2018,1.529
Belgium,2019,1.555
Belgium,2020,1.567
Belgium,2021,1.517
Belgium,2022,1.5
Belgium,2023,1.472
Belgium,2024,1.5
Belgium,2025,1.492
Benin,2008,2.132
Benin,2009,2.082
Benin,2010,2.109
Benin,2011,2.126
Benin,2012,2.082
Benin,2013,2.001
Benin,2014,2.005
Benin,2015,1.881
Benin,2016,1.909
Benin,2017,1.999
Benin,2018,1.907
Benin,2019,1.939
Benin,2020,2.209
Benin,2021,2.132
Benin,2022,2.203
Benin,2023,2.222
Benin,2024,2.257
Benin,2025,2.211
Bhutan,2008,1.908
Bhutan,2009,1.938
Bhutan,2010,2.01
Bhutan,2011,1.945
Bhutan,2012,1.725
Bhutan,2013,1.67
Bhutan,2014,1.645
Bhutan,2015,1.594
Bhutan,2016,1.546
Bhutan,2017,1.555
Bhutan,2018,1.49
Bhutan,2019,1.498
Bhutan,2020,1.483
Bhutan,2021,1.491
Bhutan,2022,1.513
Bhutan,2023,1.573
Bhutan,2024,1.525
Bhutan,2025,1.536
Bolivia,2008,1.95
Bolivia,2009,2.015
Bolivia,2010,2.017
Bolivia,2011,1.928
Bolivia,2012,2.007
Bolivia,2013,1.993
Bolivia,2014,1.95
Bolivia,2015,1.948
Bolivia,2016,1.891
Bolivia,2017,1.931
Bolivia,2018,1.988
Bolivia,2019,2.0
Bolivia,2020,1.991
Bolivia,2021,1.99
Bolivia,2022,1.938
Bolivia,2023,1.937
Bolivia,2024,1.967
Bolivia,2025,2.005
Bosnia and Herzegovina,2008,1.709
Bosnia and Herzegovina,2009,1.759
Bosnia and Herzegovina,2010,1.774
Bosnia and Herzegovina,2011,1.772
Bosnia and Herzegovina,2012,1.798
Bosnia and Herzegovina,2013,1.763
Bosnia and Herzegovina,2014,1.73
Bosnia and Herzegovina,2015,1.797
Bosnia and Herzegovina,2016,1.795
Bosnia and Herzegovina,2017,1.9
Bosnia and Herzegovina,2018,1.914
Bosnia and Herzegovina,2019,1.873
Bosnia and Herzegovina,2020,1.883
Bosnia and Herzegovina,2021,1.894
Bosnia and Herzegovina,2022,1.869
Bosnia and Herzegovina,2023,1.905
Bosnia and Herzegovina,2024,1.891
Bosnia and Herzegovina,2025,1.895
Botswana,2008,1.823
Botswana,2009,1.822
Botswana,2010,1.799
Botswana,2011,1.812
Botswana,2012,1.74
Botswana,2013,1.75
Botswana,2014,1.861
Botswana,2015,1.754
Botswana,2016,1.713
Botswana,2017,1.734
Botswana,2018,1.783
Botswana,2019,1.777
Botswana,2020,1.768
Botswana,2021,1.76
Botswana,2022,1.749
Botswana,2023,1.744
Botswana,2024,1.754
Botswana,2025,1.743
Brazil,2008,2.014
Brazil,2009,1.976
Brazil,2010,2.013
Brazil,2011,1.947
Brazil,2012,2.005
Brazil,2013,2.053
Brazil,2014,2.093
Brazil,2015,2.114
Brazil,2016,2.226
Brazil,2017,2.282
Brazil,2018,2.345
Brazil,2019,2.458
Brazil,2020,2.466
Brazil,2021,2.467
Brazil,2022,2.504
Brazil,2023,2.486
Brazil,2024,2.496
Brazil,2025,2.472
Bulgaria,2008,1.643
Bulgaria,2009,1.654
Bulgaria,2010,1.649
Bulgaria,2011,1.606
Bulgaria,2012,1.654
Bulgaria,2013,1.665
Bulgaria,2014,1.632
Bulgaria,2015,1.655
Bulgaria,2016,1.654
Bulgaria,2017,1.637
Bulgaria,2018,1.651
Bulgaria,2019,1.621
Bulgaria,2020,1.614
Bulgaria,2021,1.552
Bulgaria,2022,1.56
Bulgaria,2023,1.668
Bulgaria,2024,1.61
Bulgaria,2025,1.61
Burkina Faso,2008,1.769
Burkina Faso,2009,1.794
Burkina Faso,2010,1.798
Burkina Faso,2011,1.713
Burkina Faso,2012,1.723
Burkina Faso,2013,1.82
Burkina Faso,2014,1.768
Burkina Faso,2015,1.912
Burkina Faso,2016,2.01
Burkina Faso,2017,2.118
Burkina Faso,2018,2.072
Burkina Faso,2019,2.164
Burkina Faso,2020,2.382
Burkina Faso,2021,2.534
Burkina Faso,2022,2.795
Burkina Faso,2023,2.885
Burkina Faso,2024,2.97
Burkina Faso,2025,3.016
Burundi,2008,2.323
Burundi,2009,2.331
Burundi,2010,2.239
Burundi,2011,2.243
Burundi,2012,2.284
Burundi,2013,2.308
Burundi,2014,2.275
Burundi,2015,2.346
Burundi,2016,2.547
Burundi,2017,2.522
Burundi,2018,2.487
Burundi,2019,2.482
Burundi,2020,2.426
Burundi,2021,2.46
Burundi,2022,2.426
Burundi,2023,2.442
Burundi,2024,2.461
Burundi,2025,2.574
Cambodia,2008,1.988
Cambodia,2009,2.099
Cambodia,2010,2.062
Cambodia,2011,2.079
Cambodia,2012,2.094
Cambodia,2013,2.033
Cambodia,2014,2.075
Cambodia,2015,2.115
Cambodia,2016,2.075
Cambodia,2017,1.977
Cambodia,2018,2.057
Cambodia,2019,2.022
Cambodia,2020,1.97
Cambodia,2021,1.975
Cambodia,2022,1.959
Cambodia,2023,1.94
Cambodia,2024,1.976
Cambodia,2025,2.019
Cameroon,2008,2.041
Cameroon,2009,2.098
Cameroon,2010,2.069
Cameroon,2011,2.027
Cameroon,2012,1.963
Cameroon,2013,1.928
Cameroon,2014,2.001
Cameroon,2015,2.314
Cameroon,2016,2.336
Cameroon,2017,2.409
Cameroon,2018,2.508
Cameroon,2019,2.617
Cameroon,2020,2.625
Cameroon,2021,2.692
Cameroon,2022,2.723
Cameroon,2023,2.677
Cameroon,2024,2.711
Cameroon,2025,2.683
Canada,2008,1.42
Canada,2009,1.44
Canada,2010,1.498
Canada,2011,1.424
Canada,2012,1.41
Canada,2013,1.396
Canada,2014,1.332
Canada,2015,1.328
Canada,2016,1.33
Canada,2017,1.354
Canada,2018,1.379
Canada,2019,1.39
Canada,2020,1.411
Canada,2021,1.41
Canada,2022,1.389
Canada,2023,1.368
Canada,2024,1.406
Canada,2025,1.491
Central African Republic,2008,2.771
Central African Republic,2009,2.6
Central African Republic,2010,2.629
Central African Republic,2011,2.642
Central African Republic,2012,2.672
Central African Republic,2013,2.746
Central African Republic,2014,3.178
Central African Republic,2015,3.19
Central African Republic,2016,3.027
Central African Republic,2017,3.021
Central African Republic,2018,3.09
Central African Republic,2019,3.05
Central African Republic,2020,2.939
Central African Republic,2021,2.892
Central African Republic,2022,2.984
Central African Republic,2023,2.901
Central African Republic,2024,2.876
Central African Republic,2025,2.912
Chad,2008,2.714
Chad,2009,2.741
Chad,2010,2.789
Chad,2011,2.417
Chad,2012,2.499
Chad,2013,2.285
Chad,2014,2.39
Chad,2015,2.431
Chad,2016,2.483
Chad,2017,2.51
Chad,2018,2.477
Chad,2019,2.507
Chad,2020,2.544
Chad,2021,2.544
Chad,2022,2.602
Chad,2023,2.653
Chad,2024,2.579
Chad,2025,2.593
Chile,2008,1.687
Chile,2009,1.683
Chile,2010,1.732
Chile,2011,1.756
Chile,2012,1.648
Chile,2013,1.651
Chile,2014,1.615
Chile,2015,1.645
Chile,2016,1.601
Chile,2017,1.599
Chile,2018,1.673
Chile,2019,1.654
Chile,2020,1.768
Chile,2021,1.766
Chile,2022,1.834
Chile,2023,1.851
Chile,2024,1.919
Chile,2025,1.899
China,2008,2.127
China,2009,2.156
China,2010,2.184
China,2011,2.089
China,2012,2.083
China,2013,2.073
China,2014,2.072
China,2015,2.111
China,2016,2.121
China,2017,2.111
China,2018,2.066
China,2019,1.974
China,2020,1.931
China,2021,1.987
China,2022,2.009
China,2023,2.008
China,2024,2.037
China,2025,2.093
Colombia,2008,2.647
Colombia,2009,2.61
Colombia,2010,2.681
Colombia,2011,2.608
Colombia,2012,2.613
Colombia,2013,2.583
Colombia,2014,2.605
Colombia,2015,2.654
Colombia,2016,2.571
Colombia,2017,2.678
Colombia,2018,2.695
Colombia,2019,2.678
Colombia,2020,2.642
Colombia,2021,2.705
Colombia,2022,2.758
Colombia,2023,2.709
Colombia,2024,2.708
Colombia,2025,2.695
Costa Rica,2008,1.649
Costa Rica,2009,1.66
Costa Rica,2010,1.699
Costa Rica,2011,1.798
Costa Rica,2012,1.744
Costa Rica,2013,1.77
Costa Rica,2014,1.76
Costa Rica,2015,1.712
Costa Rica,2016,1.716
Costa Rica,2017,1.713
Costa Rica,2018,1.756
Costa Rica,2019,1.75
Costa Rica,2020,1.706
Costa Rica,2021,1.719
Costa Rica,2022,1.759
Costa Rica,2023,1.772
Costa Rica,2024,1.826
Costa Rica,2025,1.843
Cote d' Ivoire,2008,2.256
Cote d' Ivoire,2009,2.199
Cote d' Ivoire,2010,2.086
Cote d' Ivoire,2011,2.388
Cote d' Ivoire,2012,2.44
Cote d' Ivoire,2013,2.319
Cote d' Ivoire,2014,2.204
Cote d' Ivoire,2015,2.045
Cote d' Ivoire,2016,2.12
Cote d' Ivoire,2017,2.232
Cote d' Ivoire,2018,2.116
Cote d' Ivoire,2019,2.102
Cote d' Ivoire,2020,2.101
Cote d' Ivoire,2021,2.136
Cote d' Ivoire,2022,2.173
Cote d' Ivoire,2023,2.05
Cote d' Ivoire,2024,2.067
Cote d' Ivoire,2025,2.066
Croatia,2008,1.665
Croatia,2009,1.685
Croatia,2010,1.625
Croatia,2011,1.614
Croatia,2012,1.62
Croatia,2013,1.571
Croatia,2014,1.55
Croatia,2015,1.577
Croatia,2016,1.548
Croatia,2017,1.576
Croatia,2018,1.573
Croatia,2019,1.566
Croatia,2020,1.527
Croatia,2021,1.447
Croatia,2022,1.455
Croatia,2023,1.481
Croatia,2024,1.49
Croatia,2025,1.519
Cuba,2008,2.038
Cuba,2009,2.039
Cuba,2010,2.038
Cuba,2011,2.033
Cuba,2012,2.056
Cuba,2013,2.055
Cuba,2014,2.04
Cuba,2015,2.035
Cuba,2016,2.009
Cuba,2017,2.021
Cuba,2018,1.99
Cuba,2019,2.007
Cuba,2020,2.002
Cuba,2021,2.043
Cuba,2022,2.094
Cuba,2023,2.092
Cuba,2024,2.107
Cuba,2025,2.123
Cyprus,2008,1.946
Cyprus,2009,1.943
Cyprus,2010,1.906
Cyprus,2011,1.921
Cyprus,2012,1.897
Cyprus,2013,1.892
Cyprus,2014,1.972
Cyprus,2015,1.871
Cyprus,2016,1.909
Cyprus,2017,1.898
Cyprus,2018,1.826
Cyprus,2019,1.847
Cyprus,2020,1.885
Cyprus,2021,1.887
Cyprus,2022,1.886
Cyprus,2023,1.895
Cyprus,2024,1.931
Cyprus,2025,1.933
Czechia,2008,1.442
Czechia,2009,1.453
Czechia,2010,1.423
Czechia,2011,1.391
Czechia,2012,1.444
Czechia,2013,1.427
Czechia,2014,1.411
Czechia,2015,1.415
Czechia,2016,1.327
Czechia,2017,1.359
Czechia,2018,1.338
Czechia,2019,1.373
Czechia,2020,1.372
Czechia,2021,1.33
Czechia,2022,1.303
Czechia,2023,1.384
Czechia,2024,1.458
Czechia,2025,1.435
Democratic Republic of the Congo,2008,2.69
Democratic Republic of the Congo,2009,2.736
Democratic Republic of the Congo,2010,2.814
Democratic Republic of the Congo,2011,2.705
Democratic Republic of the Congo,2012,2.754
Democratic Republic of the Congo,2013,2.82
Democratic Republic of the Congo,2014,2.971
Democratic Republic of the Congo,2015,2.955
Democratic Republic of the Congo,2016,2.85
Democratic Republic of the Congo,2017,2.932
Democratic Republic of the Congo,2018,3.123
Democratic Republic of the Congo,2019,3.033
Democratic Republic of the Congo,2020,3.044
Democratic Republic of the Congo,2021,3.128
Democratic Republic of the Congo,2022,3.115
Democratic Republic of the Congo,2023,3.245
Democratic Republic of the Congo,2024,3.154
Democratic Republic of the Congo,2025,3.292
Denmark,2008,1.262
Denmark,2009,1.286
Denmark,2010,1.309
Denmark,2011,1.268
Denmark,2012,1.23
Denmark,2013,1.223
Denmark,2014,1.209
Denmark,2015,1.21
Denmark,2016,1.253
Denmark,2017,1.322
Denmark,2018,1.326
Denmark,2019,1.299
Denmark,2020,1.329
Denmark,2021,1.301
Denmark,2022,1.292
Denmark,2023,1.316
Denmark,2024,1.34
Denmark,2025,1.393
Djibouti,2008,2.045
Djibouti,2009,2.109
Djibouti,2010,2.001
Djibouti,2011,1.997
Djibouti,2012,1.987
Djibouti,2013,1.944
Djibouti,2014,2.013
Djibouti,2015,2.095
Djibouti,2016,2.165
Djibouti,2017,2.129
Djibouti,2018,2.208
Djibouti,2019,2.165
Djibouti,2020,2.194
Djibouti,2021,2.14
Djibouti,2022,2.247
Djibouti,2023,2.174
Djibouti,2024,2.277
Djibouti,2025,2.276
Dominican Republic,2008,1.995
Dominican Republic,2009,2.014
Dominican Republic,2010,2.093
Dominican Republic,2011,2.097
Dominican Republic,2012,2.059
Dominican Republic,2013,2.057
Dominican Republic,2014,2.06
Dominican Republic,2015,2.04
Dominican Republic,2016,2.046
Dominican Republic,2017,2.046
Dominican Republic,2018,2.025
Dominican Republic,2019,2.01
Dominican Republic,2020,1.965
Dominican Republic,2021,1.964
Dominican Republic,2022,2.007
Dominican Republic,2023,2.043
Dominican Republic,2024,2.032
Dominican Republic,2025,1.996
Ecuador,2008,2.14
Ecuador,2009,2.228
Ecuador,2010,2.132
Ecuador,2011,2.055
Ecuador,2012,2.037
Ecuador,2013,2.014
Ecuador,2014,1.973
Ecuador,2015,1.949
Ecuador,2016,1.93
Ecuador,2017,1.821
Ecuador,2018,1.865
Ecuador,2019,1.944
Ecuador,2020,2.044
Ecuador,2021,2.004
Ecuador,2022,2.065
Ecuador,2023,2.168
Ecuador,2024,2.434
Ecuador,2025,2.459
Egypt,2008,1.85
Egypt,2009,1.84
Egypt,2010,1.847
Egypt,2011,2.055
Egypt,2012,2.39
Egypt,2013,2.324
Egypt,2014,2.493
Egypt,2015,2.306
Egypt,2016,2.427
Egypt,2017,2.359
Egypt,2018,2.42
Egypt,2019,2.333
Egypt,2020,2.373
Egypt,2021,2.405
Egypt,2022,2.282
Egypt,2023,2.249
Egypt,2024,2.168
Egypt,2025,2.157
El Salvador,2008,2.053
El Salvador,2009,2.073
El Salvador,2010,2.171
El Salvador,2011,2.181
El Salvador,2012,2.219
El Salvador,2013,2.13
El Salvador,2014,2.097
El Salvador,2015,2.198
El Salvador,2016,2.166
El Salvador,2017,2.209
El Salvador,2018,2.236
El Salvador,2019,2.217
El Salvador,2020,2.23
El Salvador,2021,2.2
El Salvador,2022,2.279
El Salvador,2023,2.326
El Salvador,2024,2.151
El Salvador,2025,2.136
Equatorial Guinea,2008,1.961
Equatorial Guinea,2009,1.908
Equatorial Guinea,2010,1.928
Equatorial Guinea,2011,1.992
Equatorial Guinea,2012,1.941
Equatorial Guinea,2013,1.884
Equatorial Guinea,2014,1.873
Equatorial Guinea,2015,1.821
Equatorial Guinea,2016,1.787
Equatorial Guinea,2017,1.806
Equatorial Guinea,2018,1.878
Equatorial Guinea,2019,1.909
Equatorial Guinea,2020,1.854
Equatorial Guinea,2021,1.885
Equatorial Guinea,2022,1.908
Equatorial Guinea,2023,2.017
Equatorial Guinea,2024,2.081
Equatorial Guinea,2025,2.004
Eritrea,2008,2.564
Eritrea,2009,2.615
Eritrea,2010,2.536
Eritrea,2011,2.517
Eritrea,2012,2.533
Eritrea,2013,2.486
Eritrea,2014,2.533
Eritrea,2015,2.541
Eritrea,2016,2.58
Eritrea,2017,2.665
Eritrea,2018,2.611
Eritrea,2019,2.6
Eritrea,2020,2.632
Eritrea,2021,2.614
Eritrea,2022,2.567
Eritrea,2023,2.566
Eritrea,2024,2.537
Eritrea,2025,2.542
Estonia,2008,1.694
Estonia,2009,1.728
Estonia,2010,1.72
Estonia,2011,1.665
Estonia,2012,1.687
Estonia,2013,1.652
Estonia,2014,1.557
Estonia,2015,1.611
Estonia,2016,1.595
Estonia,2017,1.593
Estonia,2018,1.592
Estonia,2019,1.573
Estonia,2020,1.601
Estonia,2021,1.551
Estonia,2022,1.588
Estonia,2023,1.568
Estonia,2024,1.538
Estonia,2025,1.559
Eswatini,2008,1.883
Eswatini,2009,1.904
Eswatini,2010,1.948
Eswatini,2011,2.073
Eswatini,2012,2.064
Eswatini,2013,2.008
Eswatini,2014,2.013
Eswatini,2015,2.014
Eswatini,2016,1.982
Eswatini,2017,1.93
Eswatini,2018,1.936
Eswatini,2019,1.886
Eswatini,2020,1.906
Eswatini,2021,1.885
Eswatini,2022,2.089
Eswatini,2023,2.119
Eswatini,2024,2.069
Eswatini,2025,2.094
Ethiopia,2008,2.271
Ethiopia,2009,2.294
Ethiopia,2010,2.298
Ethiopia,2011,2.272
Ethiopia,2012,2.372
Ethiopia,2013,2.357
Ethiopia,2014,2.289
Ethiopia,2015,2.203
Ethiopia,2016,2.228
Ethiopia,2017,2.328
Ethiopia,2018,2.392
Ethiopia,2019,2.448
Ethiopia,2020,2.405
Ethiopia,2021,2.725
Ethiopia,2022,2.866
Ethiopia,2023,2.831
Ethiopia,2024,2.738
Ethiopia,2025,2.688
Finland,2008,1.35
Finland,2009,1.362
Finland,2010,1.374
Finland,2011,1.371
Finland,2012,1.357
Finland,2013,1.359
Finland,2014,1.336
Finland,2015,1.36
Finland,2016,1.36
Finland,2017,1.438
Finland,2018,1.44
Finland,2019,1.381
Finland,2020,1.397
Finland,2021,1.391
Finland,2022,1.446
Finland,2023,1.412
Finland,2024,1.42
Finland,2025,1.42
France,2008,1.717
France,2009,1.738
France,2010,1.708
France,2011,1.674
France,2012,1.717
France,2013,1.749
France,2014,1.777
France,2015,1.786
France,2016,1.929
France,2017,1.998
France,2018,1.916
France,2019,1.926
France,2020,1.967
France,2021,1.893
France,2022,1.888
France,2023,1.93
France,2024,1.996
France,2025,1.967
Gabon,2008,1.985
Gabon,2009,1.963
Gabon,2010,2.046
Gabon,2011,2.072
Gabon,2012,2.038
Gabon,2013,2.012
Gabon,2014,1.96
Gabon,2015,2.002
Gabon,2016,2.013
Gabon,2017,2.044
Gabon,2018,2.11
Gabon,2019,2.119
Gabon,2020,2.134
Gabon,2021,2.061
Gabon,2022,2.049
Gabon,2023,2.064
Gabon,2024,2.244
Gabon,2025,2.238
Georgia,2008,2.704
Georgia,2009,2.845
Georgia,2010,2.798
Georgia,2011,2.499
Georgia,2012,2.402
Georgia,2013,2.338
Georgia,2014,2.141
Georgia,2015,2.028
Georgia,2016,2.034
Georgia,2017,2.048
Georgia,2018,1.974
Georgia,2019,2.018
Georgia,2020,2.013
Georgia,2021,2.017
Georgia,2022,2.07
Georgia,2023,2.072
Georgia,2024,2.121
Georgia,2025,2.185
Germany,2008,1.573
Germany,2009,1.591
Germany,2010,1.601
Germany,2011,1.602
Germany,2012,1.579
Germany,2013,1.511
Germany,2014,1.508
Germany,2015,1.479
Germany,2016,1.519
Germany,2017,1.591
Germany,2018,1.566
Germany,2019,1.558
Germany,2020,1.586
Germany,2021,1.499
Germany,2022,1.477
Germany,2023,1.458
Germany,2024,1.489
Germany,2025,1.533
Ghana,2008,1.742
Ghana,2009,1.828
Ghana,2010,1.777
Ghana,2011,1.736
Ghana,2012,1.721
Ghana,2013,1.754
Ghana,2014,1.737
Ghana,2015,1.736
Ghana,2016,1.738
Ghana,2017,1.801
Ghana,2018,1.771
Ghana,2019,1.775
Ghana,2020,1.816
Ghana,2021,1.803
Ghana,2022,1.778
Ghana,2023,1.846
Ghana,2024,1.894
Ghana,2025,1.898
Greece,2008,2.025
Greece,2009,1.989
Greece,2010,2.001
Greece,2011,2.045
Greece,2012,2.077
Greece,2013,2.071
Greece,2014,2.064
Greece,2015,1.92
Greece,2016,1.941
Greece,2017,1.948
Greece,2018,1.977
Greece,2019,1.901
Greece,2020,1.852
Greece,2021,1.863
Greece,2022,1.866
Greece,2023,1.9
Greece,2024,1.758
Greece,2025,1.764
Guatemala,2008,2.122
Guatemala,2009,2.135
Guatemala,2010,2.092
Guatemala,2011,2.178
Guatemala,2012,2.273
Guatemala,2013,2.113
Guatemala,2014,2.088
Guatemala,2015,2.069
Guatemala,2016,2.172
Guatemala,2017,2.133
Guatemala,2018,2.104
Guatemala,2019,2.189
Guatemala,2020,2.168
Guatemala,2021,2.18
Guatemala,2022,2.135
Guatemala,2023,2.166
Guatemala,2024,2.168
Guatemala,2025,2.174
Guinea,2008,2.196
Guinea,2009,2.134
Guinea,2010,2.257
Guinea,2011,2.224
Guinea,2012,2.148
Guinea,2013,2.145
Guinea,2014,2.23
Guinea,2015,2.133
Guinea,2016,2.124
Guinea,2017,2.032
Guinea,2018,2.052
Guinea,2019,2.052
Guinea,2020,2.027
Guinea,2021,2.167
Guinea,2022,2.324
Guinea,2023,2.344
Guinea,2024,2.304
Guinea,2025,2.253
Guinea-Bissau,2008,2.226
Guinea-Bissau,2009,2.177
Guinea-Bissau,2010,2.18
Guinea-Bissau,2011,2.292
Guinea-Bissau,2012,2.226
Guinea-Bissau,2013,2.162
Guinea-Bissau,2014,2.307
Guinea-Bissau,2015,2.116
Guinea-Bissau,2016,2.059
Guinea-Bissau,2017,2.136
Guinea-Bissau,2018,2.147
Guinea-Bissau,2019,2.06
Guinea-Bissau,2020,2.016
Guinea-Bissau,2021,2.038
Guinea-Bissau,2022,2.091
Guinea-Bissau,2023,2.043
Guinea-Bissau,2024,2.078
Guinea-Bissau,2025,2.112
Guyana,2008,2.061
Guyana,2009,2.076
Guyana,2010,2.051
Guyana,2011,2.047
Guyana,2012,1.972
Guyana,2013,1.966
Guyana,2014,1.994
Guyana,2015,2.041
Guyana,2016,2.062
Guyana,2017,1.999
Guyana,2018,2.053
Guyana,2019,2.061
Guyana,2020,2.052
Guyana,2021,2.144
Guyana,2022,2.162
Guyana,2023,2.133
Guyana,2024,2.153
Guyana,2025,2.149
Haiti,2008,2.063
Haiti,2009,2.088
Haiti,2010,2.054
Haiti,2011,2.046
Haiti,2012,1.999
Haiti,2013,1.968
Haiti,2014,2.038
Haiti,2015,2.081
Haiti,2016,2.029
Haiti,2017,1.988
Haiti,2018,2.018
Haiti,2019,2.11
Haiti,2020,2.047
Haiti,2021,2.141
Haiti,2022,2.278
Haiti,2023,2.559
Haiti,2024,2.772
Haiti,2025,2.731
Honduras,2008,2.162
Honduras,2009,2.23
Honduras,2010,2.289
Honduras,2011,2.299
Honduras,2012,2.234
Honduras,2013,2.174
Honduras,2014,2.15
Honduras,2015,2.125
Honduras,2016,2.194
Honduras,2017,2.098
Honduras,2018,2.159
Honduras,2019,2.238
Honduras,2020,2.278
Honduras,2021,2.318
Honduras,2022,2.253
Honduras,2023,2.3
Honduras,2024,2.28
Honduras,2025,2.347
Hungary,2008,1.391
Hungary,2009,1.493
Hungary,2010,1.482
Hungary,2011,1.537
Hungary,2012,1.5
Hungary,2013,1.496
Hungary,2014,1.467
Hungary,2015,1.551
Hungary,2016,1.519
Hungary,2017,1.598
Hungary,2018,1.599
Hungary,2019,1.587
Hungary,2020,1.553
Hungary,2021,1.443
Hungary,2022,1.449
Hungary,2023,1.509
Hungary,2024,1.481
Hungary,2025,1.5
Iceland,2008,1.111
Iceland,2009,1.143
Iceland,2010,1.119
Iceland,2011,1.133
Iceland,2012,1.201
Iceland,2013,1.2
Iceland,2014,1.174
Iceland,2015,1.166
Iceland,2016,1.149
Iceland,2017,1.136
Iceland,2018,1.131
Iceland,2019,1.116
Iceland,2020,1.146
Iceland,2021,1.129
Iceland,2022,1.157
Iceland,2023,1.091
Iceland,2024,1.117
Iceland,2025,1.095
India,2008,2.321
India,2009,2.375
India,2010,2.432
India,2011,2.457
India,2012,2.354
India,2013,2.393
India,2014,2.383
India,2015,2.379
India,2016,2.377
India,2017,2.355
India,2018,2.321
India,2019,2.426
India,2020,2.436
India,2021,2.43
India,2022,2.403
India,2023,2.299
India,2024,2.242
India,2025,2.229
Indonesia,2008,1.668
Indonesia,2009,1.689
Indonesia,2010,1.659
Indonesia,2011,1.7
Indonesia,2012,1.686
Indonesia,2013,1.656
Indonesia,2014,1.751
Indonesia,2015,1.682
Indonesia,2016,1.699
Indonesia,2017,1.734
Indonesia,2018,1.737
Indonesia,2019,1.822
Indonesia,2020,1.81
Indonesia,2021,1.821
Indonesia,2022,1.843
Indonesia,2023,1.836
Indonesia,2024,1.84
Indonesia,2025,1.786
Iran,2008,2.416
Iran,2009,2.351
Iran,2010,2.426
Iran,2011,2.523
Iran,2012,2.545
Iran,2013,2.416
Iran,2014,2.367
Iran,2015,2.383
Iran,2016,2.36
Iran,2017,2.388
Iran,2018,2.468
Iran,2019,2.608
Iran,2020,2.769
Iran,2021,2.753
Iran,2022,2.752
Iran,2023,2.793
Iran,2024,2.698
Iran,2025,2.75
Iraq,2008,3.389
Iraq,2009,3.334
Iraq,2010,3.343
Iraq,2011,3.079
Iraq,2012,3.04
Iraq,2013,2.926
Iraq,2014,2.975
Iraq,2015,3.259
Iraq,2016,3.384
Iraq,2017,3.378
Iraq,2018,3.29
Iraq,2019,3.04
Iraq,2020,3.107
Iraq,2021,3.172
Iraq,2022,3.084
Iraq,2023,2.955
Iraq,2024,2.921
Iraq,2025,2.862
Ireland,2008,1.406
Ireland,2009,1.47
Ireland,2010,1.44
Ireland,2011,1.463
Ireland,2012,1.423
Ireland,2013,1.4
Ireland,2014,1.392
Ireland,2015,1.427
Ireland,2016,1.427
Ireland,2017,1.406
Ireland,2018,1.342
Ireland,2019,1.334
Ireland,2020,1.387
Ireland,2021,1.306
Ireland,2022,1.319
Ireland,2023,1.297
Ireland,2024,1.267
Ireland,2025,1.26
Israel,2008,2.782
Israel,2009,2.768
Israel,2010,2.751
Israel,2011,2.747
Israel,2012,2.702
Israel,2013,2.633
Israel,2014,2.564
Israel,2015,2.711
Israel,2016,2.62
Israel,2017,2.584
Israel,2018,2.665
Israel,2019,2.605
Israel,2020,2.611
Israel,2021,2.495
Israel,2022,2.548
Israel,2023,2.692
Israel,2024,3.064
Israel,2025,3.108
Italy,2008,1.67
Italy,2009,1.702
Italy,2010,1.68
Italy,2011,1.739
Italy,2012,1.731
Italy,2013,1.729
Italy,2014,1.723
Italy,2015,1.757
Italy,2016,1.743
Italy,2017,1.732
Italy,2018,1.773
Italy,2019,1.738
Italy,2020,1.704
Italy,2021,1.67
Italy,2022,1.668
Italy,2023,1.681
Italy,2024,1.648
Italy,2025,1.662
Jamaica,2008,1.962
Jamaica,2009,1.96
Jamaica,2010,1.99
Jamaica,2011,2.02
Jamaica,2012,2.082
Jamaica,2013,2.035
Jamaica,2014,2.019
Jamaica,2015,1.98
Jamaica,2016,1.968
Jamaica,2017,1.948
Jamaica,2018,1.936
Jamaica,2019,1.948
Jamaica,2020,1.972
Jamaica,2021,1.99
Jamaica,2022,2.024
Jamaica,2023,2.006
Jamaica,2024,2.001
Jamaica,2025,2.047
Japan,2008,1.464
Japan,2009,1.459
Japan,2010,1.452
Japan,2011,1.445
Japan,2012,1.458
Japan,2013,1.412
Japan,2014,1.419
Japan,2015,1.451
Japan,2016,1.47
Japan,2017,1.417
Japan,2018,1.435
Japan,2019,1.405
Japan,2020,1.422
Japan,2021,1.402
Japan,2022,1.404
Japan,2023,1.423
Japan,2024,1.479
Japan,2025,1.44
Jordan,2008,1.8
Jordan,2009,1.795
Jordan,2010,1.815
Jordan,2011,1.809
Jordan,2012,1.896
Jordan,2013,1.887
Jordan,2014,1.847
Jordan,2015,1.916
Jordan,2016,1.921
Jordan,2017,2.006
Jordan,2018,1.963
Jordan,2019,1.919
Jordan,2020,1.977
Jordan,2021,1.95
Jordan,2022,1.889
Jordan,2023,1.901
Jordan,2024,1.951
Jordan,2025,1.957
Kazakhstan,2008,2.129
Kazakhstan,2009,2.137
Kazakhstan,2010,2.121
Kazakhstan,2011,2.086
Kazakhstan,2012,2.041
Kazakhstan,2013,1.973
Kazakhstan,2014,2.01
Kazakhstan,2015,1.955
Kazakhstan,2016,1.936
Kazakhstan,2017,1.92
Kazakhstan,2018,1.919
Kazakhstan,2019,1.896
Kazakhstan,2020,1.903
Kazakhstan,2021,1.959
Kazakhstan,2022,1.948
Kazakhstan,2023,2.034
Kazakhstan,2024,1.917
Kazakhstan,2025,1.875
Kenya,2008,2.349
Kenya,2009,2.452
Kenya,2010,2.394
Kenya,2011,2.383
Kenya,2012,2.344
Kenya,2013,2.427
Kenya,2014,2.386
Kenya,2015,2.343
Kenya,2016,2.366
Kenya,2017,2.293
Kenya,2018,2.297
Kenya,2019,2.304
Kenya,2020,2.291
Kenya,2021,2.235
Kenya,2022,2.284
Kenya,2023,2.282
Kenya,2024,2.345
Kenya,2025,2.392
Kosovo,2008,1.921
Kosovo,2009,1.922
Kosovo,2010,1.922
Kosovo,2011,1.95
Kosovo,2012,1.911
Kosovo,2013,1.938
Kosovo,2014,1.907
Kosovo,2015,1.859
Kosovo,2016,1.925
Kosovo,2017,1.888
Kosovo,2018,1.93
Kosovo,2019,1.958
Kosovo,2020,1.967
Kosovo,2021,1.953
Kosovo,2022,1.93
Kosovo,2023,1.93
Kosovo,2024,1.911
Kosovo,2025,1.908
Kuwait,2008,1.595
Kuwait,2009,1.585
Kuwait,2010,1.49
Kuwait,2011,1.527
Kuwait,2012,1.599
Kuwait,2013,1.605
Kuwait,2014,1.563
Kuwait,2015,1.667
Kuwait,2016,1.78
Kuwait,2017,1.777
Kuwait,2018,1.749
Kuwait,2019,1.699
Kuwait,2020,1.661
Kuwait,2021,1.636
Kuwait,2022,1.683
Kuwait,2023,1.623
Kuwait,2024,1.628
Kuwait,2025,1.642
Kyrgyz Republic,2008,2.35
Kyrgyz Republic,2009,2.313
Kyrgyz Republic,2010,2.227
Kyrgyz Republic,2011,2.372
Kyrgyz Republic,2012,2.455
Kyrgyz Republic,2013,2.327
Kyrgyz Republic,2014,2.176
Kyrgyz Republic,2015,2.173
Kyrgyz Republic,2016,2.158
Kyrgyz Republic,2017,2.103
Kyrgyz Republic,2018,2.079
Kyrgyz Republic,2019,2.025
Kyrgyz Republic,2020,2.029
Kyrgyz Republic,2021,1.933
Kyrgyz Republic,2022,2.117
Kyrgyz Republic,2023,2.108
Kyrgyz Republic,2024,2.011
Kyrgyz Republic,2025,1.988
Laos,2008,1.82
Laos,2009,1.801
Laos,2010,1.712
Laos,2011,1.751
Laos,2012,1.766
Laos,2013,1.785
Laos,2014,1.746
Laos,2015,1.746
Laos,2016,1.794
Laos,2017,1.757
Laos,2018,1.792
Laos,2019,1.79
Laos,2020,1.823
Laos,2021,1.809
Laos,2022,1.842
Laos,2023,1.776
Laos,2024,1.768
Laos,2025,1.783
Latvia,2008,1.709
Latvia,2009,1.742
Latvia,2010,1.76
Latvia,2011,1.75
Latvia,2012,1.743
Latvia,2013,1.709
Latvia,2014,1.566
Latvia,2015,1.601
Latvia,2016,1.581
Latvia,2017,1.582
Latvia,2018,1.582
Latvia,2019,1.642
Latvia,2020,1.633
Latvia,2021,1.576
Latvia,2022,1.576
Latvia,2023,1.567
Latvia,2024,1.581
Latvia,2025,1.558
Lebanon,2008,2.456
Lebanon,2009,2.46
Lebanon,2010,2.304
Lebanon,2011,2.289
Lebanon,2012,2.337
Lebanon,2013,2.456
Lebanon,2014,2.553
Lebanon,2015,2.569
Lebanon,2016,2.567
Lebanon,2017,2.594
Lebanon,2018,2.61
Lebanon,2019,2.597
Lebanon,2020,2.552
Lebanon,2021,2.638
Lebanon,2022,2.545
Lebanon,2023,2.55
Lebanon,2024,2.639
Lebanon,2025,2.674
Lesotho,2008,1.869
Lesotho,2009,1.92
Lesotho,2010,1.879
Lesotho,2011,1.879
Lesotho,2012,1.834
Lesotho,2013,1.867
Lesotho,2014,1.85
Lesotho,2015,1.902
Lesotho,2016,1.945
Lesotho,2017,2.056
Lesotho,2018,2.144
Lesotho,2019,2.106
Lesotho,2020,2.116
Lesotho,2021,2.145
Lesotho,2022,2.086
Lesotho,2023,2.21
Lesotho,2024,2.298
Lesotho,2025,2.267
Liberia,2008,1.967
Liberia,2009,2.0
Liberia,2010,2.007
Liberia,2011,1.998
Liberia,2012,1.917
Liberia,2013,1.869
Liberia,2014,1.815
Liberia,2015,1.942
Liberia,2016,1.904
Liberia,2017,1.949
Liberia,2018,1.852
Liberia,2019,1.796
Liberia,2020,1.849
Liberia,2021,1.929
Liberia,2022,1.97
Liberia,2023,1.949
Liberia,2024,1.979
Liberia,2025,1.939
Libya,2008,2.012
Libya,2009,1.992
Libya,2010,1.953
Libya,2011,2.434
Libya,2012,2.583
Libya,2013,2.354
Libya,2014,2.288
Libya,2015,2.759
Libya,2016,2.953
Libya,2017,2.983
Libya,2018,2.903
Libya,2019,2.921
Libya,2020,3.002
Libya,2021,2.896
Libya,2022,2.665
Libya,2023,2.595
Libya,2024,2.501
Libya,2025,2.478
Lithuania,2008,1.715
Lithuania,2009,1.691
Lithuania,2010,1.729
Lithuania,2011,1.774
Lithuania,2012,1.782
Lithuania,2013,1.73
Lithuania,2014,1.688
Lithuania,2015,1.706
Lithuania,2016,1.694
Lithuania,2017,1.717
Lithuania,2018,1.699
Lithuania,2019,1.664
Lithuania,2020,1.626
Lithuania,2021,1.644
Lithuania,2022,1.64
Lithuania,2023,1.662
Lithuania,2024,1.582
Lithuania,2025,1.558
Madagascar,2008,1.673
Madagascar,2009,1.919
Madagascar,2010,2.004
Madagascar,2011,1.943
Madagascar,2012,1.909
Madagascar,2013,2.007
Madagascar,2014,1.857
Madagascar,2015,1.801
Madagascar,2016,1.786
Madagascar,2017,1.812
Madagascar,2018,1.802
Madagascar,2019,1.766
Madagascar,2020,1.81
Madagascar,2021,1.914
Madagascar,2022,1.852
Madagascar,2023,1.861
Madagascar,2024,1.847
Madagascar,2025,1.895
Malawi,2008,1.886
Malawi,2009,1.811
Malawi,2010,1.806
Malawi,2011,1.655
Malawi,2012,1.804
Malawi,2013,1.76
Malawi,2014,1.755
Malawi,2015,1.768
Malawi,2016,1.868
Malawi,2017,1.857
Malawi,2018,1.841
Malawi,2019,1.829
Malawi,2020,1.922
Malawi,2021,1.925
Malawi,2022,1.95
Malawi,2023,1.981
Malawi,2024,2.03
Malawi,2025,1.955
Malaysia,2008,1.638
Malaysia,2009,1.647
Malaysia,2010,1.626
Malaysia,2011,1.543
Malaysia,2012,1.589
Malaysia,2013,1.574
Malaysia,2014,1.643
Malaysia,2015,1.563
Malaysia,2016,1.621
Malaysia,2017,1.665
Malaysia,2018,1.586
Malaysia,2019,1.539
Malaysia,2020,1.489
Malaysia,2021,1.49
Malaysia,2022,1.46
Malaysia,2023,1.469
Malaysia,2024,1.439
Malaysia,2025,1.469
Mali,2008,2.231
Mali,2009,2.209
Mali,2010,2.249
Mali,2011,2.129
Mali,2012,2.18
Mali,2013,2.363
Mali,2014,2.481
Mali,2015,2.338
Mali,2016,2.338
Mali,2017,2.478
Mali,2018,2.502
Mali,2019,2.58
Mali,2020,2.582
Mali,2021,2.706
Mali,2022,2.799
Mali,2023,2.975
Mali,2024,3.017
Mali,2025,3.061
Mauritania,2008,2.209
Mauritania,2009,2.271
Mauritania,2010,2.117
Mauritania,2011,2.17
Mauritania,2012,2.195
Mauritania,2013,2.049
Mauritania,2014,2.072
Mauritania,2015,2.067
Mauritania,2016,2.048
Mauritania,2017,2.133
Mauritania,2018,2.109
Mauritania,2019,2.105
Mauritania,2020,2.075
Mauritania,2021,2.135
Mauritania,2022,2.13
Mauritania,2023,2.097
Mauritania,2024,2.124
Mauritania,2025,2.204
Mauritius,2008,1.609
Mauritius,2009,1.609
Mauritius,2010,1.612
Mauritius,2011,1.636
Mauritius,2012,1.63
Mauritius,2013,1.551
Mauritius,2014,1.525
Mauritius,2015,1.541
Mauritius,2016,1.52
Mauritius,2017,1.543
Mauritius,2018,1.521
Mauritius,2019,1.562
Mauritius,2020,1.546
Mauritius,2021,1.565
Mauritius,2022,1.567
Mauritius,2023,1.568
Mauritius,2024,1.563
Mauritius,2025,1.586
Mexico,2008,2.147
Mexico,2009,2.204
Mexico,2010,2.316
Mexico,2011,2.413
Mexico,2012,2.51
Mexico,2013,2.44
Mexico,2014,2.371
Mexico,2015,2.334
Mexico,2016,2.352
Mexico,2017,2.451
Mexico,2018,2.594
Mexico,2019,2.634
Mexico,2020,2.621
Mexico,2021,2.61
Mexico,2022,2.61
Mexico,2023,2.593
Mexico,2024,2.667
Mexico,2025,2.636
Moldova,2008,2.006
Moldova,2009,1.992
Moldova,2010,2.012
Moldova,2011,2.012
Moldova,2012,2.011
Moldova,2013,1.962
Moldova,2014,1.957
Moldova,2015,1.951
Moldova,2016,1.978
Moldova,2017,1.979
Moldova,2018,1.96
Moldova,2019,1.91
Moldova,2020,1.918
Moldova,2021,1.886
Moldova,2022,1.904
Moldova,2023,1.904
Moldova,2024,1.919
Moldova,2025,1.918
Mongolia,2008,1.979
Mongolia,2009,1.998
Mongolia,2010,1.986
Mongolia,2011,1.856
Mongolia,2012,1.853
Mongolia,2013,1.904
Mongolia,2014,1.707
Mongolia,2015,1.722
Mongolia,2016,1.76
Mongolia,2017,1.715
Mongolia,2018,1.732
Mongolia,2019,1.765
Mongolia,2020,1.754
Mongolia,2021,1.752
Mongolia,2022,1.78
Mongolia,2023,1.771
Mongolia,2024,1.77
Mongolia,2025,1.719
Montenegro,2008,2.033
Montenegro,2009,2.007
Montenegro,2010,2.026
Montenegro,2011,2.024
Montenegro,2012,1.928
Montenegro,2013,1.787
Montenegro,2014,1.782
Montenegro,2015,1.799
Montenegro,2016,1.789
Montenegro,2017,1.825
Montenegro,2018,1.771
Montenegro,2019,1.788
Montenegro,2020,1.813
Montenegro,2021,1.826
Montenegro,2022,1.839
Montenegro,2023,1.787
Montenegro,2024,1.727
Montenegro,2025,1.685
Morocco,2008,2.008
Morocco,2009,2.003
Morocco,2010,1.972
Morocco,2011,2.06
Morocco,2012,2.124
Morocco,2013,2.06
Morocco,2014,2.042
Morocco,2015,2.055
Morocco,2016,2.045
Morocco,2017,1.985
Morocco,2018,1.975
Morocco,2019,2.093
Morocco,2020,2.069
Morocco,2021,2.044
Morocco,2022,2.026
Morocco,2023,2.066
Morocco,2024,2.011
Morocco,2025,2.012
Mozambique,2008,1.779
Mozambique,2009,1.842
Mozambique,2010,1.871
Mozambique,2011,1.97
Mozambique,2012,1.865
Mozambique,2013,1.88
Mozambique,2014,2.03
Mozambique,2015,2.004
Mozambique,2016,1.883
Mozambique,2017,2.023
Mozambique,2018,2.038
Mozambique,2019,2.128
Mozambique,2020,2.152
Mozambique,2021,2.179
Mozambique,2022,2.264
Mozambique,2023,2.25
Mozambique,2024,2.214
Mozambique,2025,2.273
Myanmar,2008,2.26
Myanmar,2009,2.26
Myanmar,2010,2.263
Myanmar,2011,2.16
Myanmar,2012,2.231
Myanmar,2013,2.221
Myanmar,2014,2.16
Myanmar,2015,2.173
Myanmar,2016,2.084
Myanmar,2017,1.999
Myanmar,2018,2.228
Myanmar,2019,2.198
Myanmar,2020,2.274
Myanmar,2021,2.323
Myanmar,2022,2.767
Myanmar,2023,2.947
Myanmar,2024,2.929
Myanmar,2025,3.045
Namibia,2008,2.029
Namibia,2009,2.063
Namibia,2010,2.064
Namibia,2011,2.021
Namibia,2012,1.924
Namibia,2013,1.888
Namibia,2014,1.921
Namibia,2015,1.919
Namibia,2016,1.911
Namibia,2017,1.851
Namibia,2018,1.847
Namibia,2019,1.886
Namibia,2020,1.838
Namibia,2021,1.869
Namibia,2022,1.902
Namibia,2023,1.867
Namibia,2024,1.855
Namibia,2025,1.789
Nepal,2008,2.0
Nepal,2009,1.874
Nepal,2010,1.963
Nepal,2011,2.047
Nepal,2012,1.952
Nepal,2013,1.983
Nepal,2014,1.94
Nepal,2015,1.837
Nepal,2016,1.953
Nepal,2017,1.963
Nepal,2018,2.001
Nepal,2019,1.975
Nepal,2020,1.996
Nepal,2021,1.991
Nepal,2022,1.951
Nepal,2023,1.98
Nepal,2024,2.021
Nepal,2025,1.987
Netherlands,2008,1.542
Netherlands,2009,1.543
Netherlands,2010,1.545
Netherlands,2011,1.559
Netherlands,2012,1.516
Netherlands,2013,1.508
Netherlands,2014,1.502
Netherlands,2015,1.494
Netherlands,2016,1.524
Netherlands,2017,1.521
Netherlands,2018,1.523
Netherlands,2019,1.513
Netherlands,2020,1.573
Netherlands,2021,1.533
Netherlands,2022,1.527
Netherlands,2023,1.499
Netherlands,2024,1.479
Netherlands,2025,1.491
New Zealand,2008,1.335
New Zealand,2009,1.33
New Zealand,2010,1.324
New Zealand,2011,1.33
New Zealand,2012,1.306
New Zealand,2013,1.32
New Zealand,2014,1.314
New Zealand,2015,1.318
New Zealand,2016,1.297
New Zealand,2017,1.31
New Zealand,2018,1.245
New Zealand,2019,1.241
New Zealand,2020,1.317
New Zealand,2021,1.346
New Zealand,2022,1.275
New Zealand,2023,1.287
New Zealand,2024,1.323
New Zealand,2025,1.282
Nicaragua,2008,1.908
Nicaragua,2009,1.855
Nicaragua,2010,1.855
Nicaragua,2011,1.889
Nicaragua,2012,1.942
Nicaragua,2013,1.881
Nicaragua,2014,1.865
Nicaragua,2015,1.974
Nicaragua,2016,1.889
Nicaragua,2017,1.972
Nicaragua,2018,1.921
Nicaragua,2019,2.316
Nicaragua,2020,2.368
Nicaragua,2021,2.354
Nicaragua,2022,2.331
Nicaragua,2023,2.35
Nicaragua,2024,2.19
Nicaragua,2025,2.207
Niger,2008,2.052
Niger,2009,2.151
Niger,2010,2.047
Niger,2011,1.974
Niger,2012,2.041
Niger,2013,1.964
Niger,2014,1.993
Niger,2015,2.113
Niger,2016,2.247
Niger,2017,2.38
Niger,2018,2.369
Niger,2019,2.322
Niger,2020,2.51
Niger,2021,2.581
Niger,2022,2.662
Niger,2023,2.61
Niger,2024,2.701
Niger,2025,2.759
Nigeria,2008,2.367
Nigeria,2009,2.386
Nigeria,2010,2.407
Nigeria,2011,2.427
Nigeria,2012,2.54
Nigeria,2013,2.549
Nigeria,2014,2.683
Nigeria,2015,2.881
Nigeria,2016,2.873
Nigeria,2017,2.726
Nigeria,2018,2.713
Nigeria,2019,2.772
Nigeria,2020,2.802
Nigeria,2021,2.742
Nigeria,2022,2.716
Nigeria,2023,2.767
Nigeria,2024,2.774
Nigeria,2025,2.869
North Korea,2008,2.846
North Korea,2009,2.844
North Korea,2010,2.894
North Korea,2011,2.945
North Korea,2012,2.879
North Korea,2013,2.894
North Korea,2014,2.91
North Korea,2015,2.919
North Korea,2016,2.889
North Korea,2017,2.91
North Korea,2018,2.896
North Korea,2019,2.902
North Korea,2020,2.941
North Korea,2021,2.916
North Korea,2022,2.892
North Korea,2023,2.879
North Korea,2024,2.917
North Korea,2025,2.911
North Macedonia,2008,1.867
North Macedonia,2009,1.898
North Macedonia,2010,1.871
North Macedonia,2011,1.83
North Macedonia,2012,1.88
North Macedonia,2013,1.917
North Macedonia,2014,1.964
North Macedonia,2015,1.903
North Macedonia,2016,2.037
North Macedonia,2017,2.021
North Macedonia,2018,1.946
North Macedonia,2019,1.808
North Macedonia,2020,1.797
North Macedonia,2021,1.674
North Macedonia,2022,1.697
North Macedonia,2023,1.728
North Macedonia,2024,1.794
North Macedonia,2025,1.799
Norway,2008,1.385
Norway,2009,1.374
Norway,2010,1.373
Norway,2011,1.389
Norway,2012,1.413
Norway,2013,1.422
Norway,2014,1.393
Norway,2015,1.377
Norway,2016,1.38
Norway,2017,1.405
Norway,2018,1.416
Norway,2019,1.447
Norway,2020,1.498
Norway,2021,1.467
Norway,2022,1.464
Norway,2023,1.529
Norway,2024,1.566
Norway,2025,1.644
Oman,2008,1.683
Oman,2009,1.639
Oman,2010,1.661
Oman,2011,1.804
Oman,2012,1.868
Oman,2013,1.878
Oman,2014,1.945
Oman,2015,2.062
Oman,2016,1.94
Oman,2017,1.863
Oman,2018,1.915
Oman,2019,1.89
Oman,2020,1.886
Oman,2021,1.887
Oman,2022,1.875
Oman,2023,1.758
Oman,2024,1.707
Oman,2025,1.738
Pakistan,2008,2.688
Pakistan,2009,2.926
Pakistan,2010,2.907
Pakistan,2011,2.943
Pakistan,2012,2.904
Pakistan,2013,3.033
Pakistan,2014,2.979
Pakistan,2015,3.001
Pakistan,2016,2.931
Pakistan,2017,2.843
Pakistan,2018,2.792
Pakistan,2019,2.81
Pakistan,2020,2.795
Pakistan,2021,2.804
Pakistan,2022,2.713
Pakistan,2023,2.726
Pakistan,2024,2.705
Pakistan,2025,2.797
Palestine,2016,2.453
Palestine,2017,2.578
Palestine,2018,2.493
Palestine,2019,2.574
Palestine,2020,2.618
Palestine,2021,2.516
Palestine,2022,2.592
Palestine,2023,2.632
Palestine,2024,2.791
Palestine,2025,2.811
Panama,2008,1.732
Panama,2009,1.794
Panama,2010,1.932
Panama,2011,1.831
Panama,2012,1.846
Panama,2013,1.814
Panama,2014,1.893
Panama,2015,1.924
Panama,2016,1.814
Panama,2017,1.796
Panama,2018,1.801
Panama,2019,1.807
Panama,2020,1.88
Panama,2021,1.902
Panama,2022,1.911
Panama,2023,1.972
Panama,2024,2.038
Panama,2025,2.006
Papua New Guinea,2008,1.961
Papua New Guinea,2009,1.915
Papua New Guinea,2010,1.925
Papua New Guinea,2011,1.986
Papua New Guinea,2012,1.942
Papua New Guinea,2013,1.994
Papua New Guinea,2014,1.874
Papua New Guinea,2015,1.894
Papua New Guinea,2016,1.954
Papua New Guinea,2017,1.911
Papua New Guinea,2018,1.931
Papua New Guinea,2019,1.913
Papua New Guinea,2020,2.004
Papua New Guinea,2021,1.928
Papua New Guinea,2022,2.098
Papua New Guinea,2023,2.113
Papua New Guinea,2024,2.155
Papua New Guinea,2025,2.23
Paraguay,2008,1.867
Paraguay,2009,1.931
Paraguay,2010,2.012
Paraguay,2011,1.938
Paraguay,2012,1.956
Paraguay,2013,2.056
Paraguay,2014,2.034
Paraguay,2015,2.065
Paraguay,2016,2.041
Paraguay,2017,2.009
Paraguay,2018,2.036
Paraguay,2019,2.067
Paraguay,2020,2.0
Paraguay,2021,2.009
Paraguay,2022,2.023
Paraguay,2023,1.96
Paraguay,2024,1.992
Paraguay,2025,1.981
Peru,2008,2.047
Peru,2009,1.985
Peru,2010,2.042
Peru,2011,2.0
Peru,2012,2.015
Peru,2013,1.987
Peru,2014,1.992
Peru,2015,2.031
Peru,2016,2.01
Peru,2017,1.978
Peru,2018,1.962
Peru,2019,1.964
Peru,2020,2.009
Peru,2021,2.063
Peru,2022,2.125
Peru,2023,2.189
Peru,2024,2.172
Peru,2025,2.073
Philippines,2008,2.148
Philippines,2009,2.212
Philippines,2010,2.243
Philippines,2011,2.253
Philippines,2012,2.279
Philippines,2013,2.247
Philippines,2014,2.319
Philippines,2015,2.323
Philippines,2016,2.332
Philippines,2017,2.39
Philippines,2018,2.452
Philippines,2019,2.329
Philippines,2020,2.277
Philippines,2021,2.314
Philippines,2022,2.254
Philippines,2023,2.237
Philippines,2024,2.184
Philippines,2025,2.148
Poland,2008,1.57
Poland,2009,1.583
Poland,2010,1.612
Poland,2011,1.547
Poland,2012,1.526
Poland,2013,1.507
Poland,2014,1.489
Poland,2015,1.494
Poland,2016,1.503
Poland,2017,1.631
Poland,2018,1.65
Poland,2019,1.62
Poland,2020,1.64
Poland,2021,1.497
Poland,2022,1.538
Poland,2023,1.636
Poland,2024,1.662
Poland,2025,1.713
Portugal,2008,1.35
Portugal,2009,1.367
Portugal,2010,1.4
Portugal,2011,1.439
Portugal,2012,1.457
Portugal,2013,1.518
Portugal,2014,1.448
Portugal,2015,1.394
Portugal,2016,1.311
Portugal,2017,1.282
Portugal,2018,1.297
Portugal,2019,1.296
Portugal,2020,1.329
Portugal,2021,1.326
Portugal,2022,1.338
Portugal,2023,1.333
Portugal,2024,1.349
Portugal,2025,1.371
Qatar,2008,1.411
Qatar,2009,1.386
Qatar,2010,1.412
Qatar,2011,1.416
Qatar,2012,1.477
Qatar,2013,1.517
Qatar,2014,1.487
Qatar,2015,1.568
Qatar,2016,1.532
Qatar,2017,1.49
Qatar,2018,1.701
Qatar,2019,1.589
Qatar,2020,1.589
Qatar,2021,1.548
Qatar,2022,1.477
Qatar,2023,1.484
Qatar,2024,1.577
Qatar,2025,1.593
Republic of the Congo,2008,2.143
Republic of the Congo,2009,2.087
Republic of the Congo,2010,2.105
Republic of the Congo,2011,2.057
Republic of the Congo,2012,2.038
Republic of the Congo,2013,2.088
Republic of the Congo,2014,2.125
Republic of the Congo,2015,2.148
Republic of the Congo,2016,2.232
Republic of the Congo,2017,2.345
Republic of the Congo,2018,2.262
Republic of the Congo,2019,2.264
Republic of the Congo,2020,2.247
Republic of the Congo,2021,2.259
Republic of the Congo,2022,2.234
Republic of the Congo,2023,2.183
Republic of the Congo,2024,2.097
Republic of the Congo,2025,2.132
Romania,2008,1.554
Romania,2009,1.568
Romania,2010,1.638
Romania,2011,1.596
Romania,2012,1.601
Romania,2013,1.585
Romania,2014,1.563
Romania,2015,1.559
Romania,2016,1.597
Romania,2017,1.564
Romania,2018,1.531
Romania,2019,1.538
Romania,2020,1.52
Romania,2021,1.559
Romania,2022,1.664
Romania,2023,1.658
Romania,2024,1.705
Romania,2025,1.721
Russia,2008,2.944
Russia,2009,3.028
Russia,2010,2.972
Russia,2011,2.893
Russia,2012,2.887
Russia,2013,2.891
Russia,2014,2.993
Russia,2015,2.996
Russia,2016,3.003
Russia,2017,2.984
Russia,2018,3.082
Russia,2019,3.019
Russia,2020,2.929
Russia,2021,2.961
Russia,2022,2.9
Russia,2023,3.214
Russia,2024,3.232
Russia,2025,3.441
Rwanda,2008,1.944
Rwanda,2009,1.93
Rwanda,2010,2.027
Rwanda,2011,2.105
Rwanda,2012,2.136
Rwanda,2013,2.244
Rwanda,2014,2.214
Rwanda,2015,2.174
Rwanda,2016,2.178
Rwanda,2017,2.131
Rwanda,2018,2.08
Rwanda,2019,2.068
Rwanda,2020,2.087
Rwanda,2021,2.049
Rwanda,2022,1.992
Rwanda,2023,2.106
Rwanda,2024,2.125
Rwanda,2025,2.036
Saudi Arabia,2008,2.09
Saudi Arabia,2009,2.087
Saudi Arabia,2010,2.221
Saudi Arabia,2011,2.157
Saudi Arabia,2012,2.237
Saudi Arabia,2013,2.135
Saudi Arabia,2014,2.043
Saudi Arabia,2015,2.085
Saudi Arabia,2016,2.291
Saudi Arabia,2017,2.44
Saudi Arabia,2018,2.468
Saudi Arabia,2019,2.393
Saudi Arabia,2020,2.368
Saudi Arabia,2021,2.393
Saudi Arabia,2022,2.34
Saudi Arabia,2023,2.207
Saudi Arabia,2024,2.148
Saudi Arabia,2025,2.035
Senegal,2008,2.011
Senegal,2009,2.006
Senegal,2010,2.09
Senegal,2011,2.089
Senegal,2012,2.078
Senegal,2013,2.102
Senegal,2014,2.008
Senegal,2015,1.898
Senegal,2016,1.946
Senegal,2017,1.914
Senegal,2018,1.864
Senegal,2019,1.884
Senegal,2020,1.876
Senegal,2021,1.852
Senegal,2022,1.977
Senegal,2023,1.934
Senegal,2024,1.969
Senegal,2025,1.936
Serbia,2008,1.946
Serbia,2009,1.972
Serbia,2010,1.996
Serbia,2011,1.99
Serbia,2012,2.01
Serbia,2013,2.013
Serbia,2014,1.896
Serbia,2015,1.837
Serbia,2016,1.817
Serbia,2017,1.832
Serbia,2018,1.839
Serbia,2019,1.797
Serbia,2020,1.843
Serbia,2021,1.842
Serbia,2022,1.888
Serbia,2023,1.958
Serbia,2024,1.919
Serbia,2025,1.914
Sierra Leone,2008,1.806
Sierra Leone,2009,1.809
Sierra Leone,2010,1.844
Sierra Leone,2011,1.844
Sierra Leone,2012,1.864
Sierra Leone,2013,1.824
Sierra Leone,2014,1.803
Sierra Leone,2015,1.783
Sierra Leone,2016,1.751
Sierra Leone,2017,1.762
Sierra Leone,2018,1.712
Sierra Leone,2019,1.812
Sierra Leone,2020,1.885
Sierra Leone,2021,1.835
Sierra Leone,2022,1.82
Sierra Leone,2023,1.791
Sierra Leone,2024,1.907
Sierra Leone,2025,1.887
Singapore,2008,1.531
Singapore,2009,1.526
Singapore,2010,1.495
Singapore,2011,1.447
Singapore,2012,1.457
Singapore,2013,1.465
Singapore,2014,1.429
Singapore,2015,1.378
Singapore,2016,1.411
Singapore,2017,1.42
Singapore,2018,1.419
Singapore,2019,1.382
Singapore,2020,1.332
Singapore,2021,1.353
Singapore,2022,1.358
Singapore,2023,1.358
Singapore,2024,1.335
Singapore,2025,1.357
Slovakia,2008,1.539
Slovakia,2009,1.541
Slovakia,2010,1.57
Slovakia,2011,1.605
Slovakia,2012,1.607
Slovakia,2013,1.606
Slovakia,2014,1.536
Slovakia,2015,1.542
Slovakia,2016,1.592
Slovakia,2017,1.633
Slovakia,2018,1.552
Slovakia,2019,1.582
Slovakia,2020,1.591
Slovakia,2021,1.542
Slovakia,2022,1.503
Slovakia,2023,1.573
Slovakia,2024,1.596
Slovakia,2025,1.609
Slovenia,2008,1.349
Slovenia,2009,1.38
Slovenia,2010,1.351
Slovenia,2011,1.365
Slovenia,2012,1.408
Slovenia,2013,1.404
Slovenia,2014,1.397
Slovenia,2015,1.392
Slovenia,2016,1.372
Slovenia,2017,1.352
Slovenia,2018,1.352
Slovenia,2019,1.327
Slovenia,2020,1.315
Slovenia,2021,1.304
Slovenia,2022,1.319
Slovenia,2023,1.343
Slovenia,2024,1.367
Slovenia,2025,1.409
Somalia,2008,3.056
Somalia,2009,3.126
Somalia,2010,3.218
Somalia,2011,3.083
Somalia,2012,3.16
Somalia,2013,3.133
Somalia,2014,3.095
Somalia,2015,3.054
Somalia,2016,3.051
Somalia,2017,3.029
Somalia,2018,3.064
Somalia,2019,3.019
Somalia,2020,3.048
Somalia,2021,3.096
Somalia,2022,3.051
Somalia,2023,3.038
Somalia,2024,3.023
Somalia,2025,2.983
South Africa,2008,2.192
South Africa,2009,2.416
South Africa,2010,2.379
South Africa,2011,2.341
South Africa,2012,2.317
South Africa,2013,2.359
South Africa,2014,2.348
South Africa,2015,2.425
South Africa,2016,2.313
South Africa,2017,2.337
South Africa,2018,2.336
South Africa,2019,2.485
South Africa,2020,2.383
South Africa,2021,2.416
South Africa,2022,2.403
South Africa,2023,2.367
South Africa,2024,2.364
South Africa,2025,2.347
South Korea,2008,1.73
South Korea,2009,1.771
South Korea,2010,1.806
South Korea,2011,1.886
South Korea,2012,1.802
South Korea,2013,1.755
South Korea,2014,1.767
South Korea,2015,1.765
South Korea,2016,1.814
South Korea,2017,1.818
South Korea,2018,1.822
South Korea,2019,1.791
South Korea,2020,1.751
South Korea,2021,1.814
South Korea,2022,1.8
South Korea,2023,1.784
South Korea,2024,1.761
South Korea,2025,1.736
South Sudan,2012,2.697
South Sudan,2013,2.831
South Sudan,2014,3.023
South Sudan,2015,3.258
South Sudan,2016,3.275
South Sudan,2017,3.234
South Sudan,2018,3.308
South Sudan,2019,3.278
South Sudan,2020,3.259
South Sudan,2021,3.237
South Sudan,2022,3.227
South Sudan,2023,3.207
South Sudan,2024,3.164
South Sudan,2025,3.117
Spain,2008,1.692
Spain,2009,1.726
Spain,2010,1.769
Spain,2011,1.686
Spain,2012,1.617
Spain,2013,1.608
Spain,2014,1.575
Spain,2015,1.536
Spain,2016,1.563
Spain,2017,1.536
Spain,2018,1.721
Spain,2019,1.695
Spain,2020,1.676
Spain,2021,1.623
Spain,2022,1.647
Spain,2023,1.652
Spain,2024,1.575
Spain,2025,1.578
Sri Lanka,2008,2.46
Sri Lanka,2009,2.557
Sri Lanka,2010,2.571
Sri Lanka,2011,2.19
Sri Lanka,2012,2.177
Sri Lanka,2013,2.152
Sri Lanka,2014,2.077
Sri Lanka,2015,2.07
Sri Lanka,2016,1.998
Sri Lanka,2017,1.881
Sri Lanka,2018,1.884
Sri Lanka,2019,1.937
Sri Lanka,2020,2.083
Sri Lanka,2021,2.038
Sri Lanka,2022,1.997
Sri Lanka,2023,2.089
Sri Lanka,2024,2.104
Sri Lanka,2025,2.075
Sudan,2008,2.939
Sudan,2009,2.965
Sudan,2010,2.909
Sudan,2011,2.973
Sudan,2012,3.096
Sudan,2013,3.038
Sudan,2014,3.116
Sudan,2015,3.034
Sudan,2016,3.017
Sudan,2017,2.919
Sudan,2018,2.862
Sudan,2019,2.732
Sudan,2020,2.84
Sudan,2021,2.87
Sudan,2022,3.002
Sudan,2023,3.063
Sudan,2024,3.303
Sudan,2025,3.323
Sweden,2008,1.451
Sweden,2009,1.458
Sweden,2010,1.445
Sweden,2011,1.434
Sweden,2012,1.434
Sweden,2013,1.421
Sweden,2014,1.405
Sweden,2015,1.411
Sweden,2016,1.453
Sweden,2017,1.538
Sweden,2018,1.523
Sweden,2019,1.506
Sweden,2020,1.521
Sweden,2021,1.499
Sweden,2022,1.574
Sweden,2023,1.61
Sweden,2024,1.642
Sweden,2025,1.709
Switzerland,2008,1.442
Switzerland,2009,1.469
Switzerland,2010,1.462
Switzerland,2011,1.427
Switzerland,2012,1.393
Switzerland,2013,1.373
Switzerland,2014,1.363
Switzerland,2015,1.377
Switzerland,2016,1.344
Switzerland,2017,1.361
Switzerland,2018,1.386
Switzerland,2019,1.361
Switzerland,2020,1.411
Switzerland,2021,1.367
Switzerland,2022,1.337
Switzerland,2023,1.329
Switzerland,2024,1.311
Switzerland,2025,1.294
Syria,2008,2.023
Syria,2009,2.11
Syria,2010,2.133
Syria,2011,2.15
Syria,2012,2.692
Syria,2013,3.22
Syria,2014,3.282
Syria,2015,3.319
Syria,2016,3.332
Syria,2017,3.354
Syria,2018,3.341
Syria,2019,3.319
Syria,2020,3.291
Syria,2021,3.224
Syria,2022,3.157
Syria,2023,3.15
Syria,2024,3.116
Syria,2025,3.184
Taiwan,2008,1.854
Taiwan,2009,1.83
Taiwan,2010,1.765
Taiwan,2011,1.742
Taiwan,2012,1.665
Taiwan,2013,1.65
Taiwan,2014,1.651
Taiwan,2015,1.77
Taiwan,2016,1.761
Taiwan,2017,1.769
Taiwan,2018,1.742
Taiwan,2019,1.739
Taiwan,2020,1.714
Taiwan,2021,1.687
Taiwan,2022,1.693
Taiwan,2023,1.706
Taiwan,2024,1.716
Taiwan,2025,1.73
Tajikistan,2008,2.197
Tajikistan,2009,2.179
Tajikistan,2010,2.196
Tajikistan,2011,2.177
Tajikistan,2012,2.178
Tajikistan,2013,2.125
Tajikistan,2014,2.172
Tajikistan,2015,2.093
Tajikistan,2016,2.078
Tajikistan,2017,2.055
Tajikistan,2018,2.059
Tajikistan,2019,2.147
Tajikistan,2020,2.112
Tajikistan,2021,2.031
Tajikistan,2022,2.061
Tajikistan,2023,2.127
Tajikistan,2024,2.04
Tajikistan,2025,1.996
Tanzania,2008,1.742
Tanzania,2009,1.743
Tanzania,2010,1.783
Tanzania,2011,1.727
Tanzania,2012,1.791
Tanzania,2013,1.802
Tanzania,2014,1.817
Tanzania,2015,1.886
Tanzania,2016,1.866
Tanzania,2017,1.845
Tanzania,2018,1.91
Tanzania,2019,1.896
Tanzania,2020,1.896
Tanzania,2021,1.998
Tanzania,2022,2.028
Tanzania,2023,1.99
Tanzania,2024,1.925
Tanzania,2025,1.965
Thailand,2008,2.24
Thailand,2009,2.299
Thailand,2010,2.264
Thailand,2011,2.293
Thailand,2012,2.301
Thailand,2013,2.249
Thailand,2014,2.313
Thailand,2015,2.272
Thailand,2016,2.156
Thailand,2017,2.185
Thailand,2018,2.164
Thailand,2019,2.169
Thailand,2020,2.186
Thailand,2021,2.143
Thailand,2022,2.094
Thailand,2023,2.059
Thailand,2024,2.005
Thailand,2025,2.017
The Gambia,2008,1.891
The Gambia,2009,1.894
The Gambia,2010,1.864
The Gambia,2011,1.93
The Gambia,2012,2.007
The Gambia,2013,2.029
The Gambia,2014,2.053
The Gambia,2015,2.073
The Gambia,2016,2.049
The Gambia,2017,2.185
The Gambia,2018,1.993
The Gambia,2019,1.921
The Gambia,2020,1.922
The Gambia,2021,1.897
The Gambia,2022,1.834
The Gambia,2023,1.907
The Gambia,2024,1.952
The Gambia,2025,1.855
Timor-Leste,2008,2.028
Timor-Leste,2009,1.927
Timor-Leste,2010,1.833
Timor-Leste,2011,1.801
Timor-Leste,2012,1.823
Timor-Leste,2013,1.807
Timor-Leste,2014,1.842
Timor-Leste,2015,1.868
Timor-Leste,2016,1.831
Timor-Leste,2017,1.803
Timor-Leste,2018,1.829
Timor-Leste,2019,1.765
Timor-Leste,2020,1.775
Timor-Leste,2021,1.808
Timor-Leste,2022,1.829
Timor-Leste,2023,1.801
Timor-Leste,2024,1.812
Timor-Leste,2025,1.758
Togo,2008,1.922
Togo,2009,1.92
Togo,2010,1.895
Togo,2011,1.895
Togo,2012,1.871
Togo,2013,1.876
Togo,2014,1.917
Togo,2015,1.847
Togo,2016,1.879
Togo,2017,1.861
Togo,2018,2.025
Togo,2019,2.118
Togo,2020,2.105
Togo,2021,2.174
Togo,2022,2.127
Togo,2023,2.205
Togo,2024,2.27
Togo,2025,2.381
Trinidad and Tobago,2008,2.101
Trinidad and Tobago,2009,2.066
Trinidad and Tobago,2010,2.126
Trinidad and Tobago,2011,2.105
Trinidad and Tobago,2012,2.092
Trinidad and Tobago,2013,2.017
Trinidad and Tobago,2014,1.999
Trinidad and Tobago,2015,2.0
Trinidad and Tobago,2016,2.005
Trinidad and Tobago,2017,2.021
Trinidad and Tobago,2018,1.989
Trinidad and Tobago,2019,2.031
Trinidad and Tobago,2020,1.999
Trinidad and Tobago,2021,1.995
Trinidad and Tobago,2022,1.965
Trinidad and Tobago,2023,1.927
Trinidad and Tobago,2024,1.962
Trinidad and Tobago,2025,2.02
Tunisia,2008,1.77
Tunisia,2009,1.775
Tunisia,2010,1.764
Tunisia,2011,1.789
Tunisia,2012,2.09
Tunisia,2013,2.019
Tunisia,2014,2.099
Tunisia,2015,1.995
Tunisia,2016,1.952
Tunisia,2017,1.968
Tunisia,2018,1.968
Tunisia,2019,1.986
Tunisia,2020,2.01
Tunisia,2021,2.009
Tunisia,2022,2.02
Tunisia,2023,2.019
Tunisia,2024,1.995
Tunisia,2025,1.998
Turkiye,2008,2.362
Turkiye,2009,2.525
Turkiye,2010,2.381
Turkiye,2011,2.326
Turkiye,2012,2.318
Turkiye,2013,2.402
Turkiye,2014,2.309
Turkiye,2015,2.349
Turkiye,2016,2.6
Turkiye,2017,2.698
Turkiye,2018,2.747
Turkiye,2019,2.708
Turkiye,2020,2.738
Turkiye,2021,2.718
Turkiye,2022,2.815
Turkiye,2023,2.809
Turkiye,2024,2.801
Turkiye,2025,2.852
Turkmenistan,2008,2.026
Turkmenistan,2009,2.013
Turkmenistan,2010,2.191
Turkmenistan,2011,2.133
Turkmenistan,2012,2.176
Turkmenistan,2013,2.139
Turkmenistan,2014,2.056
Turkmenistan,2015,2.048
Turkmenistan,2016,2.071
Turkmenistan,2017,2.116
Turkmenistan,2018,2.127
Turkmenistan,2019,2.108
Turkmenistan,2020,2.119
Turkmenistan,2021,2.067
Turkmenistan,2022,2.087
Turkmenistan,2023,2.04
Turkmenistan,2024,2.069
Turkmenistan,2025,2.019
Uganda,2008,2.394
Uganda,2009,2.315
Uganda,2010,2.314
Uganda,2011,2.238
Uganda,2012,2.213
Uganda,2013,2.187
Uganda,2014,2.23
Uganda,2015,2.266
Uganda,2016,2.156
Uganda,2017,2.26
Uganda,2018,2.176
Uganda,2019,2.178
Uganda,2020,2.241
Uganda,2021,2.23
Uganda,2022,2.368
Uganda,2023,2.288
Uganda,2024,2.322
Uganda,2025,2.217
Ukraine,2008,2.056
Ukraine,2009,2.115
Ukraine,2010,2.154
Ukraine,2011,2.057
Ukraine,2012,1.998
Ukraine,2013,2.149
Ukraine,2014,2.477
Ukraine,2015,2.9
Ukraine,2016,2.955
Ukraine,2017,2.865
Ukraine,2018,2.813
Ukraine,2019,2.732
Ukraine,2020,2.67
Ukraine,2021,2.462
Ukraine,2022,2.606
Ukraine,2023,3.088
Ukraine,2024,3.174
Ukraine,2025,3.434
United Arab Emirates,2008,1.663
United Arab Emirates,2009,1.637
United Arab Emirates,2010,1.654
United Arab Emirates,2011,1.639
United Arab Emirates,2012,1.662
United Arab Emirates,2013,1.672
United Arab Emirates,2014,1.751
United Arab Emirates,2015,1.795
United Arab Emirates,2016,1.827
United Arab Emirates,2017,1.919
United Arab Emirates,2018,1.883
United Arab Emirates,2019,1.876
United Arab Emirates,2020,2.025
United Arab Emirates,2021,1.979
United Arab Emirates,2022,1.974
United Arab Emirates,2023,2.004
United Arab Emirates,2024,1.857
United Arab Emirates,2025,1.812
United Kingdom,2008,1.859
United Kingdom,2009,1.868
United Kingdom,2010,1.859
United Kingdom,2011,1.835
United Kingdom,2012,1.816
United Kingdom,2013,1.687
United Kingdom,2014,1.726
United Kingdom,2015,1.69
United Kingdom,2016,1.737
United Kingdom,2017,1.75
United Kingdom,2018,1.807
United Kingdom,2019,1.739
United Kingdom,2020,1.835
United Kingdom,2021,1.656
United Kingdom,2022,1.665
United Kingdom,2023,1.64
United Kingdom,2024,1.639
United Kingdom,2025,1.634
United States of America,2008,2.352
United States of America,2009,2.399
United States of America,2010,2.375
United States of America,2011,2.334
United States of America,2012,2.311
United States of America,2013,2.186
United States of America,2014,2.276
United States of America,2015,2.219
United States of America,2016,2.228
United States of America,2017,2.265
United States of America,2018,2.333
United States of America,2019,2.364
United States of America,2020,2.373
United States of America,2021,2.446
United States of America,2022,2.386
United States of America,2023,2.39
United States of America,2024,2.399
United States of America,2025,2.443
Uruguay,2008,1.667
Uruguay,2009,1.67
Uruguay,2010,1.694
Uruguay,2011,1.579
Uruguay,2012,1.62
Uruguay,2013,1.624
Uruguay,2014,1.667
Uruguay,2015,1.666
Uruguay,2016,1.67
Uruguay,2017,1.653
Uruguay,2018,1.685
Uruguay,2019,1.704
Uruguay,2020,1.754
Uruguay,2021,1.792
Uruguay,2022,1.808
Uruguay,2023,1.796
Uruguay,2024,1.803
Uruguay,2025,1.784
Uzbekistan,2008,2.13
Uzbekistan,2009,2.134
Uzbekistan,2010,2.248
Uzbekistan,2011,2.24
Uzbekistan,2012,2.224
Uzbekistan,2013,2.199
Uzbekistan,2014,2.131
Uzbekistan,2015,2.114
Uzbekistan,2016,2.064
Uzbekistan,2017,1.987
Uzbekistan,2018,2.048
Uzbekistan,2019,2.031
Uzbekistan,2020,2.032
Uzbekistan,2021,2.031
Uzbekistan,2022,1.997
Uzbekistan,2023,2.033
Uzbekistan,2024,1.944
Uzbekistan,2025,1.926
Venezuela,2008,2.301
Venezuela,2009,2.373
Venezuela,2010,2.456
Venezuela,2011,2.4
Venezuela,2012,2.319
Venezuela,2013,2.368
Venezuela,2014,2.417
Venezuela,2015,2.545
Venezuela,2016,2.626
Venezuela,2017,2.644
Venezuela,2018,2.659
Venezuela,2019,2.726
Venezuela,2020,2.705
Venezuela,2021,2.706
Venezuela,2022,2.742
Venezuela,2023,2.718
Venezuela,2024,2.639
Venezuela,2025,2.692
Vietnam,2008,1.775
Vietnam,2009,1.773
Vietnam,2010,1.795
Vietnam,2011,1.845
Vietnam,2012,1.886
Vietnam,2013,1.842
Vietnam,2014,1.813
Vietnam,2015,1.894
Vietnam,2016,1.849
Vietnam,2017,1.869
Vietnam,2018,1.888
Vietnam,2019,1.872
Vietnam,2020,1.905
Vietnam,2021,1.837
Vietnam,2022,1.771
Vietnam,2023,1.702
Vietnam,2024,1.736
Vietnam,2025,1.721
Yemen,2008,2.366
Yemen,2009,2.49
Yemen,2010,2.535
Yemen,2011,2.563
Yemen,2012,2.637
Yemen,2013,2.558
Yemen,2014,2.506
Yemen,2015,2.786
Yemen,2016,3.23
Yemen,2017,3.155
Yemen,2018,3.151
Yemen,2019,3.259
Yemen,2020,3.263
Yemen,2021,3.37
Yemen,2022,3.452
Yemen,2023,3.2
Yemen,2024,3.26
Yemen,2025,3.262
Zambia,2008,1.905
Zambia,2009,1.848
Zambia,2010,1.816
Zambia,2011,1.725
Zambia,2012,1.811
Zambia,2013,1.724
Zambia,2014,1.822
Zambia,2015,1.813
Zambia,2016,1.772
Zambia,2017,1.799
Zambia,2018,1.787
Zambia,2019,1.785
Zambia,2020,1.763
Zambia,2021,1.951
Zambia,2022,1.872
Zambia,2023,1.88
Zambia,2024,1.874
Zambia,2025,1.914
Zimbabwe,2008,2.359
Zimbabwe,2009,2.639
Zimbabwe,2010,2.411
Zimbabwe,2011,2.359
Zimbabwe,2012,2.321
Zimbabwe,2013,2.292
Zimbabwe,2014,2.258
Zimbabwe,2015,2.106
Zimbabwe,2016,2.158
Zimbabwe,2017,2.168
Zimbabwe,2018,2.192
Zimbabwe,2019,2.315
Zimbabwe,2020,2.362
Zimbabwe,2021,2.285
Zimbabwe,2022,2.294
Zimbabwe,2023,2.27
Zimbabwe,2024,2.294
Zimbabwe,2025,2.223
